{"mdsDat": {"x": [0.007778214320148513, 0.020044325934900832, -0.16428583637026087, -0.0033741236529551775, 0.1201932604956403, 0.1341715394799402, 0.03342723350853119, -0.033314848259454626, 0.06542986781317876, -0.18006963326966935], "y": [0.23228572919744997, -0.013992733120424861, -0.0020366498881202954, -0.11972768697092043, 0.030314228434564643, -0.09271294545122427, -0.07832649312563039, 0.043724030825720496, 0.043547927938408386, -0.04307540783982355], "topics": [1, 2, 3, 4, 5, 6, 7, 8, 9, 10], "cluster": [1, 1, 1, 1, 1, 1, 1, 1, 1, 1], "Freq": [11.966259157812958, 11.848806892978118, 11.688511776742612, 11.004628196657553, 10.014710490925397, 9.5606525221916, 9.114584235007296, 8.553387448895053, 8.472299287418581, 7.7761599913708315]}, "tinfo": {"Term": ["alchemist", "desert", "heart", "asked", "love", "wind", "things", "don", "man", "treasure", "god", "boy", "answered", "turn", "soul", "lead", "camel", "ll", "search", "good", "world", "language", "gold", "didn", "find", "falcon", "fear", "written", "told", "destiny", "alchemist", "show", "falcon", "tears", "dressed", "tradition", "stood", "mounted", "sense", "sought", "parts", "shell", "hole", "dismounted", "powers", "lessons", "stared", "dead", "soldiers", "sacristy", "work", "previous", "respect", "means", "lighted", "precious", "completely", "ll", "answered", "enormous", "ride", "books", "game", "tea", "understood", "speak", "learned", "times", "noticed", "return", "black", "englishman", "monk", "returned", "desert", "boy", "sea", "day", "ve", "crystal", "sands", "gold", "life", "sheep", "back", "men", "death", "rode", "frightened", "stopped", "strength", "tablet", "ground", "waiting", "realizing", "larger", "area", "touched", "awoke", "remember", "fearful", "climbed", "discover", "aware", "top", "pursue", "interrupted", "exist", "bye", "showing", "discovered", "good", "enemy", "led", "face", "huge", "closer", "friend", "emerald", "proud", "lived", "didn", "wasn", "person", "thing", "woman", "felt", "money", "boy", "true", "crystal", "thought", "sheep", "day", "merchant", "destiny", "world", "soul", "fell", "hand", "days", "written", "blow", "reached", "suffer", "horsemen", "hour", "crossed", "battle", "answer", "stop", "allah", "bag", "wandered", "hearts", "allowed", "happen", "number", "understands", "science", "impossible", "setting", "whinnying", "vision", "spiritual", "major", "scent", "commander", "avoid", "drew", "silence", "heard", "sand", "things", "desert", "war", "thinking", "needed", "taught", "appeared", "tribes", "men", "understand", "soul", "wind", "pyramids", "place", "sun", "world", "boy", "wars", "language", "didn", "hand", "time", "don", "days", "man", "love", "earth", "horizon", "smiled", "stranger", "died", "approached", "afraid", "searching", "voice", "unable", "alive", "hawks", "flight", "living", "order", "birds", "understanding", "farther", "meet", "transform", "talk", "encounter", "heed", "courage", "disappointed", "guide", "succeeded", "reach", "power", "search", "reason", "language", "water", "omens", "destinies", "destiny", "knew", "world", "tribesmen", "longer", "boy", "treasure", "told", "people", "things", "read", "man", "thought", "fear", "speaking", "asked", "ready", "story", "alchemy", "finally", "ill", "carried", "making", "listened", "caravans", "arms", "servants", "languages", "hear", "signal", "star", "nights", "surprise", "eat", "earlier", "bade", "completed", "pilgrims", "case", "hookahs", "group", "fires", "failed", "stories", "angel", "nearby", "tent", "made", "told", "eyes", "boy", "sat", "man", "tribal", "englishman", "spoke", "afternoon", "camp", "young", "moment", "men", "night", "life", "oasis", "day", "shepherd", "arab", "heart", "camel", "driver", "god", "laughed", "endless", "worse", "direction", "arabs", "heart", "saved", "deserts", "metal", "dreams", "full", "force", "moments", "lose", "surely", "luck", "silent", "remained", "drank", "mine", "provided", "teachings", "interested", "coins", "verses", "thieves", "beginner", "couldn", "die", "found", "gold", "walked", "strange", "quiet", "soul", "alchemists", "moved", "word", "treasure", "future", "oasis", "world", "boy", "son", "listen", "man", "day", "arab", "life", "destiny", "sky", "continue", "hidden", "palm", "master", "talking", "path", "blue", "battles", "else", "leaving", "holding", "forever", "save", "rose", "illnesses", "ten", "evil", "signs", "yellow", "journey", "immediately", "started", "questions", "lost", "tenth", "cities", "today", "showed", "reminded", "don", "give", "point", "find", "long", "white", "treasure", "follow", "back", "years", "won", "flock", "life", "boy", "thought", "travelers", "time", "filled", "sun", "man", "left", "people", "gold", "money", "simply", "doing", "thousand", "armed", "light", "difficult", "sleeping", "meeting", "fifty", "wells", "encampment", "end", "close", "inside", "meaning", "chest", "threat", "belongings", "touch", "loved", "concerned", "solid", "call", "spread", "quietly", "paused", "content", "extraordinary", "shouldn", "coming", "lives", "small", "part", "trees", "met", "gave", "chief", "dream", "fatima", "wind", "day", "oasis", "decided", "boy", "night", "called", "thought", "desert", "people", "wanted", "told", "sheep", "answered", "began", "distant", "created", "hundred", "present", "minutes", "philosopher", "turn", "repeated", "attention", "thummim", "urim", "prayer", "wrote", "faces", "recurrent", "side", "pay", "sounded", "trust", "marvels", "miracles", "lead", "secrets", "color", "faith", "midst", "movement", "easy", "blood", "sentinels", "centurion", "live", "morning", "continued", "man", "should", "wise", "women", "fact", "ve", "entire", "father", "covered", "hand", "boy", "shepherd", "life", "men", "world", "stone", "thought", "told", "horse", "stars", "slowly", "dunes", "palms", "leader", "heaven", "observe", "achieve", "places", "hope", "poems", "fought", "seated", "changed", "mountains", "figures", "smell", "pastures", "carry", "finding", "capable", "tents", "sitting", "threatening", "universe", "searched", "ended", "destroyed", "grateful", "yesterday", "egypt", "danger", "learn", "simple", "wind", "children", "words", "people", "son", "listen", "understand", "forgotten", "time", "sands", "desert", "make", "passed", "brought", "place", "world"], "Freq": [203.0, 185.0, 94.0, 73.0, 66.0, 119.0, 66.0, 59.0, 125.0, 77.0, 37.0, 495.0, 48.0, 32.0, 63.0, 29.0, 26.0, 42.0, 35.0, 36.0, 122.0, 46.0, 50.0, 52.0, 40.0, 27.0, 23.0, 24.0, 80.0, 50.0, 202.8680371844813, 15.112813049717614, 25.991447020665632, 9.438711627712745, 8.80447598857709, 8.191514278126224, 7.129101938314002, 6.80747067970318, 6.1605446716545975, 6.4115323925669045, 6.072468023423887, 5.588245569225371, 6.580625462704849, 4.561723286480606, 4.442783657996286, 4.442766078132106, 3.958754582303763, 4.017486997677722, 3.766135067840099, 3.762971456629438, 10.001724357973833, 3.4541956647864613, 3.451309509693092, 3.4430332153734398, 3.4356680166235165, 3.4377114847490793, 3.1423476005923727, 33.571951717607, 38.13869902353377, 2.818151401580445, 2.865168175076121, 15.39867234208776, 10.163164072457668, 7.837905246570141, 16.639667056986067, 13.148731004745134, 17.982391095506447, 13.658629614921937, 6.31473460301857, 14.194636616433307, 6.6066681206342155, 19.784270612758018, 9.599494772486517, 8.045980519016599, 38.34473197436755, 61.04667455526212, 7.773762436908997, 18.286593065294674, 11.020787045741441, 10.974232508022439, 9.500934410468556, 10.769881109414673, 11.322337513406023, 10.364125614646182, 9.654227768759295, 7.90000114856708, 12.715766491199794, 11.905980571508135, 8.40881132286263, 14.870030431801915, 8.357225129879003, 11.665841393923609, 11.335698084064934, 10.625844519645652, 7.231225534745682, 6.446201895893786, 6.031189232609222, 6.01699205536328, 7.064369630257088, 5.282437892538626, 5.233004151621392, 6.29768308173242, 4.866598003477491, 5.528125461859697, 7.580217936979023, 5.253779022576558, 4.532805591073767, 4.798016596929545, 4.4367289555806595, 4.432310147075159, 4.068377729444271, 30.27271857974722, 4.069870595724497, 4.377074851546483, 17.513430779255604, 3.701090241486264, 8.024958884701679, 13.55702407554577, 14.439810967130562, 9.003174935428381, 12.352877755495614, 33.247982533665386, 12.718874074949658, 15.488634862663918, 16.943476003396352, 20.297229429461947, 15.943265434560828, 16.970841812755243, 116.9092079059172, 11.679538678557083, 16.75719353785283, 19.525246895235945, 16.552457807090317, 19.725941102076327, 12.125137125643743, 13.939779096162322, 18.4837310437086, 14.186039593125539, 10.055711129620551, 10.767530963543523, 10.268494336762101, 23.333122905479545, 19.06455335852759, 12.953955203571214, 10.984799878371183, 8.862376352978217, 8.358613386148294, 8.377680079264927, 7.902935995200187, 7.381749603776998, 7.018893366471514, 7.36558121525269, 6.711362493721663, 6.041530481416043, 13.94776159957301, 5.064534550690073, 10.210365723933869, 4.395163937724498, 3.9436813237861728, 3.9274714989133654, 7.113878916047455, 3.90088466849478, 3.893257767267865, 3.777546577433575, 3.8309333928202323, 3.4169745655016643, 3.415979346536809, 3.417614402450562, 3.4261708217654325, 3.3550843394621808, 17.19270252521771, 18.768903892084346, 19.54303791297037, 46.78861966699171, 113.33412016244645, 12.202029572279026, 11.56043437832322, 7.152066057543638, 6.928930947574901, 16.14464064371252, 7.7322391442078695, 29.575473716645963, 18.07261645111394, 22.94277458419592, 33.236631190651785, 14.08072076279521, 14.243064643210785, 15.658289902462757, 24.065008276115588, 40.64183078127584, 8.272472070524095, 11.537790720419926, 11.43762824038464, 10.019208275993423, 10.572855380210289, 9.54830321362207, 9.14019923035631, 8.975470706749629, 65.24028590176542, 19.778630063616145, 13.550288980605977, 11.73926861660491, 11.514206230635883, 10.961392171739385, 9.587882716616143, 14.637535793354388, 9.502770596538957, 9.4355505505958, 8.116096893581107, 8.464514354971705, 8.672192173584607, 7.4297600507555845, 10.503655501050746, 5.9647946408313555, 5.6261716385035205, 5.6294989007378815, 5.216057309157827, 5.604997640344514, 10.113926144437192, 11.281711189999879, 4.333393015719686, 4.318469012734826, 6.893859604172004, 4.091865830564738, 4.075503657403159, 3.7568790229212485, 4.053109042180676, 3.737597279950771, 27.389570034083462, 11.441065506589837, 29.226949822144636, 12.410951728406936, 21.031741619238375, 7.897792361023117, 24.928347731594425, 26.36397615691671, 40.18072587762559, 9.531949424596537, 11.32656930640639, 55.3409739705178, 20.50883390850352, 17.122603885225164, 16.8513464328613, 15.187626748015983, 10.510507545470425, 12.608331095769048, 10.727111719447043, 22.66147501572269, 14.555967546575484, 68.54782828677669, 10.613987808195784, 10.26293641750076, 17.94381247347661, 14.339474362599834, 6.61261183206801, 6.753728751853672, 6.966040300472421, 6.275313076914985, 6.273964616255301, 6.220466294675294, 5.5426281289129085, 5.541569446563868, 5.2045006589664204, 4.917964283153619, 5.454000104274151, 4.888857235270828, 4.472117323488556, 5.720955654283862, 4.2943447267809205, 4.264096796741325, 4.072944821984538, 4.07273820301249, 4.376536538456013, 3.7405297589123268, 3.726959114384406, 3.7269245712745276, 4.110632314392312, 9.015223936212589, 10.776605894818868, 8.709691408715743, 13.119652244102083, 17.979206367357204, 31.391954340025595, 14.837025641036515, 94.30435827132534, 9.53538623881333, 35.14634772021259, 8.518341770607988, 15.345373560371746, 10.77267693591385, 8.719936639230683, 8.837819479500043, 6.806637281816874, 7.357962587025369, 12.27324498150929, 9.247575606058362, 10.618415723132372, 8.769536067205012, 9.061134287989388, 7.719098646743123, 7.415701395186518, 7.468987340609497, 25.552341181425856, 15.680223960662028, 34.10253313817433, 9.167630502551635, 8.533040886031715, 7.611389918026262, 5.979889201613329, 8.042423164716656, 81.93156068791707, 6.009944643891975, 5.312240186366277, 5.0195425234269315, 19.766889610530693, 4.706578383423617, 8.745233554315089, 8.379767657086893, 4.38967807727094, 4.349678555945959, 4.97265020754329, 10.609418453268143, 4.084251003843597, 4.601579449106676, 4.044602626035161, 3.882713556563105, 3.8687786551157033, 3.9315689173753205, 3.6859599053466927, 3.828787378029807, 3.393119342263223, 3.365967093510923, 9.740144052190368, 17.34327996018253, 23.068448433526203, 24.931109064275265, 5.422057115072388, 11.957147574932273, 6.274601817653259, 21.863140679434746, 6.479498639689417, 7.513243778441316, 5.852152350560327, 15.615520729592717, 7.887055288360101, 11.042407111332404, 16.831857443525532, 21.655415167366186, 8.091894095380482, 6.691706575082207, 10.767563722169465, 9.29201347500836, 6.993615495815968, 8.415025519569777, 7.403156927240749, 15.23238663780814, 14.125452422941883, 17.91738685382932, 13.454154920299004, 11.99848893835886, 12.54822128493172, 9.302048069856756, 6.053343484521396, 6.045709202501022, 6.571608360400958, 5.88457188268458, 5.8324051621665, 7.086309057638813, 4.777604191785671, 4.884151417415933, 4.93660108318391, 4.442272443938653, 4.4422462453044025, 4.441708008918539, 4.267438478136447, 7.316569436251638, 4.106538983699805, 4.045756987856667, 3.714403065976567, 3.9382194538517648, 4.682586985088719, 3.655645933464998, 5.691731304466592, 3.317536839291571, 9.64181349990664, 40.34732195030066, 17.849337939037177, 12.269267542510459, 24.490238776069333, 14.148375645718533, 7.574728449381073, 35.22404511863367, 9.170424967002326, 21.247881828716746, 12.607452321627273, 5.821087352170613, 7.62509270386277, 18.330315754268767, 39.15890998291772, 14.680511825145524, 6.813153946264826, 10.843816154354602, 6.8910407393136826, 9.214298946492555, 11.567073117209054, 7.65863335981303, 8.823843234512532, 8.272009175280973, 7.73321679617893, 13.103006722959373, 13.796865587590181, 8.482578689560313, 8.494257372308619, 7.353556676928946, 7.36674381977587, 6.282139155046566, 7.279575477937983, 6.680475334047673, 6.556392607920301, 5.992670524597159, 15.613688585253122, 4.815559175536813, 4.863650697348043, 4.477326745061271, 4.462786850601098, 4.212991103187255, 4.0807833990241695, 4.078171867234457, 12.748824006953544, 3.7160739698889915, 3.146890343148304, 3.137791230974293, 3.0105205784885594, 3.0102465861888645, 3.010106994897594, 3.0100791312738964, 3.0097756363138157, 3.009402755467272, 7.732334231130904, 10.066085907362737, 9.363543426358351, 19.324235996602606, 9.584312926716994, 11.982929479880553, 7.420968070528423, 8.97953078897459, 17.96152341105471, 10.599233946651545, 27.46746634487556, 21.836199585586456, 13.788637623415898, 8.764408862697591, 42.03983121453103, 11.327251428553572, 8.521027758535425, 14.256431806494362, 14.436960770777793, 11.004738179435295, 8.457214050466336, 8.855278149377218, 8.350536801275506, 7.599250461858027, 7.445877603768669, 13.573102159741552, 13.08527016526591, 11.362392199317387, 11.073164907708689, 8.33798330363858, 8.919286585079632, 29.421160434108582, 7.233547223423415, 6.8849031436749275, 10.524913885520652, 10.524920379513564, 6.068368498182452, 6.067547549245278, 6.066849445007339, 6.066377007023059, 5.705044206292428, 5.698016082464428, 4.964014675210826, 4.648253469733592, 4.601021576959266, 4.454986017290431, 25.119247300138277, 4.507458562343986, 4.208638019707417, 4.207545675983168, 4.204412053820541, 3.8595550542713575, 3.859375387134151, 3.8310840364340595, 3.209793993643126, 4.166415160131825, 13.357390114882561, 7.4470729573356795, 14.095471373182539, 39.92818120449495, 12.838337167154824, 8.423990828084873, 8.618386341213295, 6.10019826326996, 10.702683694464595, 9.220499081771779, 8.323230575242869, 6.458489710653909, 8.818053353087272, 20.838262140656028, 7.865524213881657, 9.052305747707353, 8.917286435263025, 9.48192558972821, 7.105031644879518, 7.137225073570046, 7.004458094333706, 12.844460349042725, 12.056485979393058, 11.602126357601543, 12.047359607233927, 8.513607843164463, 8.620736173810005, 6.079184577191924, 6.573134693469549, 8.156627814325704, 6.834590801848558, 4.799893596499622, 5.875814594086527, 4.8591181589664805, 4.463187385687381, 4.7448527410479135, 4.069526781340104, 4.068442732834754, 4.067696937265094, 4.348910046960508, 4.036856316075775, 3.7272197774253075, 6.113737040067604, 3.729743760233984, 3.3944017369222896, 3.1699823381999495, 13.578213915512086, 3.136448607734109, 3.0015279059232256, 3.00128129420139, 3.00094875331968, 3.9263437176221214, 11.582170924496873, 8.47850006930185, 11.540604059333655, 7.330560501733401, 39.60912670949291, 8.444302250473282, 11.143279544883416, 20.61644987245778, 10.45131337853094, 7.660140055979886, 12.37130359935363, 6.277217018378197, 14.53635385013077, 8.691185170697894, 17.167911026363498, 7.258906013105541, 6.547140874257415, 7.260890827688533, 7.320736265588009, 7.49525143548777], "Total": [203.0, 185.0, 94.0, 73.0, 66.0, 119.0, 66.0, 59.0, 125.0, 77.0, 37.0, 495.0, 48.0, 32.0, 63.0, 29.0, 26.0, 42.0, 35.0, 36.0, 122.0, 46.0, 50.0, 52.0, 40.0, 27.0, 23.0, 24.0, 80.0, 50.0, 203.67158804321826, 15.916288382538163, 27.632187296692056, 10.242216921698104, 9.667233533974846, 8.994939103488699, 7.986132511086331, 7.68938514399402, 6.9640455697993335, 7.313929286612608, 6.938798801862468, 6.401028389556605, 7.673196210121294, 5.369631520227939, 5.246179065368606, 5.24618365887197, 4.769162447057223, 4.850614067007842, 4.569478994495485, 4.566777920085825, 12.19355617201106, 4.2575932204082285, 4.276345926384814, 4.274075475422172, 4.272286785851927, 4.289839129473962, 3.945723493651384, 42.17794842449987, 48.730493819247265, 3.6215380995055386, 3.683017886924806, 20.91084128730864, 13.614362670259895, 10.48430548019326, 24.57602513125541, 20.911004366885436, 32.48497527176824, 23.194684440789782, 8.959687936228974, 26.433682488858537, 9.875714271374063, 48.13062121822406, 17.62917919435218, 13.769456617060499, 185.39292603459972, 495.9508799870557, 13.449356879414296, 88.78684043554559, 32.878313997589785, 34.722308231112805, 24.284828298536045, 50.29388099390337, 71.44343388684364, 53.634716172627634, 47.65183162055953, 72.66072199387479, 13.50442254177485, 12.75263538900202, 9.197506079761474, 16.264886897162917, 9.146181181152775, 12.787358778490397, 12.441371907344989, 11.875575260966965, 8.095563810024442, 7.2349453971853706, 6.819838336035495, 6.8192568800909275, 8.042425830090133, 6.07104266218554, 6.0217419899459035, 7.251724367190092, 5.655235009716747, 6.428462100249242, 8.84262064030899, 6.141532964065487, 5.321424199407317, 5.635332904456871, 5.225292262537204, 5.22131691932234, 4.857095918283271, 36.22299759919446, 4.879596299881795, 5.265413637941354, 21.238431546388075, 4.489784174492901, 9.795571707421075, 16.715868673719186, 19.801660573522707, 11.835525447228893, 16.9258116254671, 52.85636323700113, 17.836344567448226, 23.014378736049373, 26.886507829733144, 35.24890866821497, 25.8410152842665, 28.830005934786197, 495.9508799870557, 19.36658839240438, 34.722308231112805, 73.83866190085998, 53.634716172627634, 88.78684043554559, 31.447794464474, 50.47985475727162, 122.62892893071007, 63.22204482152407, 20.10630071812993, 31.60627903189241, 32.71029215138284, 24.137421343335763, 20.053831865954507, 13.832392274606969, 11.789146484828182, 9.668783640585795, 9.163023228741318, 9.264644579726788, 8.74391726918441, 8.186020050822139, 7.823285073893902, 8.230991959655512, 7.5157382292875035, 6.845949376374084, 16.024808667718396, 5.868820161942796, 11.974399763127607, 5.19942690841729, 4.7482923645017765, 4.73334807471762, 8.592882451748997, 4.7141146929609015, 4.705672336291132, 4.581846629197983, 4.697506715035049, 4.221254833542516, 4.220410763733463, 4.2321960462223185, 4.249390685227403, 4.183396374644807, 21.675170011546754, 24.474965746969172, 25.852789768545886, 66.74182972770774, 185.39292603459972, 16.954637930292602, 16.409910143404403, 9.711755255389741, 9.457964950830291, 26.720079009385287, 11.101746378476147, 72.66072199387479, 43.461313275883455, 63.22204482152407, 119.00481952486943, 29.902582602661372, 35.834444925054505, 44.156297303270826, 122.62892893071007, 495.9508799870557, 13.936706028718103, 46.494881321351656, 52.85636323700113, 31.60627903189241, 62.74182584983795, 59.86919626878742, 32.71029215138284, 125.59801945761326, 66.0364561592107, 20.57481219758216, 14.346447684037432, 12.535362956520917, 12.310359621113303, 11.839740374832187, 10.384044096321306, 15.878982228965995, 10.317154551256737, 10.35921758059155, 8.912217410700096, 9.295436704584432, 9.5805496797607, 8.279346282952288, 11.840056331894116, 6.760950329242965, 6.4610716083667095, 6.4707369911245305, 6.0121419951437955, 6.473633292839252, 11.781538312158538, 13.30951342474824, 5.1300903691286805, 5.116219899748436, 8.26464321246618, 4.9409035968331505, 4.937826134606659, 4.553004873065053, 4.94394013759377, 4.561631184504653, 35.19257014109617, 14.407695368134938, 46.494881321351656, 17.69703733615132, 32.94966608204691, 11.111334839619113, 50.47985475727162, 54.70949493636612, 122.62892893071007, 15.17327882111684, 21.009624780577518, 495.9508799870557, 77.53815285605755, 80.89848603919148, 78.11403137845164, 66.74182972770774, 24.40504360591039, 125.59801945761326, 73.83866190085998, 23.762683924079024, 15.352684249874065, 73.34746299403608, 11.410510306381962, 11.059470086599209, 19.657279816520283, 15.760418615579157, 7.409164524154397, 7.577893032431393, 7.8345240374082765, 7.0718227086335474, 7.070632273507169, 7.065940121954893, 6.339133312560675, 6.338181553219908, 6.001048988920221, 5.730280087572782, 6.362047163557494, 5.736264211656322, 5.268634082904912, 6.789005499020834, 5.097578995199812, 5.070267198585929, 4.869973007373967, 4.869799515662512, 5.261387473363355, 4.5523133308393335, 4.538051353705392, 4.548853039513338, 5.029813919625899, 11.217646593868992, 14.174046269716046, 12.262641535964958, 22.24021772095916, 33.67917449751447, 80.89848603919148, 30.833730842875166, 495.9508799870557, 16.688333206261806, 125.59801945761326, 15.132164941886035, 48.13062121822406, 25.153088418938733, 18.20575570138257, 20.124615360778904, 10.562072524673212, 13.622961221806346, 72.66072199387479, 34.95260303939335, 71.44343388684364, 40.066653754978, 88.78684043554559, 25.353709746025174, 18.53202335870144, 94.14754226800864, 26.35759166293454, 16.698664554425207, 37.33055272810188, 10.088896665725539, 9.43223560769502, 8.416490961188398, 6.785067507441379, 9.141774645042062, 94.14754226800864, 6.9114806067297225, 6.118074662283744, 5.848843843735323, 23.038044756385265, 5.511773391105087, 10.254603720083304, 9.830348193346389, 5.194814339299085, 5.154818785776768, 5.899159899856434, 12.5989110297898, 4.889375483069045, 5.510130711915275, 4.84971197728907, 4.690218682071494, 4.699297752526985, 4.777424779734331, 4.491175479866052, 4.695642365214383, 4.215297996382762, 4.219707888592377, 12.244296851600614, 24.103920429815723, 33.41370451064565, 50.29388099390337, 7.396779181599176, 22.344054038296203, 9.468889347847588, 63.22204482152407, 10.52837889751641, 14.782539592301447, 9.41889189650857, 77.53815285605755, 17.99657214409244, 40.066653754978, 122.62892893071007, 495.9508799870557, 25.434651018204697, 15.073352693070163, 125.59801945761326, 88.78684043554559, 18.53202335870144, 71.44343388684364, 50.47985475727162, 16.029569847999714, 14.922621512851096, 18.961150023475934, 14.25137720563211, 12.795696701775471, 13.531569887110564, 10.265350894280495, 6.85509001271727, 6.846609166699414, 7.447316692480298, 6.681757244769386, 6.636186716153476, 8.12812628421029, 5.57475605730693, 5.7015799572459045, 5.781537814204284, 5.239402245863262, 5.2393831844504755, 5.238912284734536, 5.0692681063308545, 8.700743415466858, 4.903688000999232, 4.8958136769235505, 4.511550403668602, 4.805538669042115, 5.713887677782655, 4.536121131935548, 7.108553554297175, 4.163243531867863, 12.123790510668684, 59.86919626878742, 25.23522880180124, 18.056766581970663, 40.48858289933963, 22.061467722460776, 10.683677876189192, 77.53815285605755, 14.278330228181703, 47.65183162055953, 25.209708767108822, 7.95666322941053, 12.162261118236486, 71.44343388684364, 495.9508799870557, 73.83866190085998, 11.939890933379909, 62.74182584983795, 12.466699830225242, 44.156297303270826, 125.59801945761326, 24.54299272961797, 78.11403137845164, 50.29388099390337, 28.830005934786197, 13.89981354996532, 14.814493290149548, 9.279058335470552, 9.29785440484535, 8.150036500172913, 8.225248467046573, 7.078593118215713, 8.205053397198716, 7.625141286942715, 7.5132978147199285, 6.885753191513585, 18.12156795759477, 5.611958430984426, 5.71190531593376, 5.273742310656996, 5.259317838959494, 5.021940455451662, 4.877289420373834, 4.8750596932488985, 15.530076010765763, 4.584470220508385, 3.945756191774137, 3.941176246420949, 3.8069146942500343, 3.806661234276129, 3.8065376661946484, 3.806524111366883, 3.8062342500070687, 3.805916763679335, 9.9488629879782, 13.968845973047047, 14.138140676078756, 33.79042166595733, 15.516184037183855, 21.78005346469416, 11.976687712918173, 16.791978738966066, 44.00012334444835, 24.65966062736849, 119.00481952486943, 88.78684043554559, 40.066653754978, 19.079908417952083, 495.9508799870557, 34.95260303939335, 19.131247645691346, 73.83866190085998, 185.39292603459972, 78.11403137845164, 35.101024813355345, 80.89848603919148, 53.634716172627634, 48.730493819247265, 37.574295449068615, 14.366806993730297, 13.887617528557026, 12.156199420048162, 11.866878852188984, 9.131679154232609, 9.77461430123829, 32.51785706003195, 8.02720614349631, 7.678548254949316, 11.874235603554048, 11.874257304647735, 6.862119610358585, 6.861353436767943, 6.86072400052396, 6.860345884718556, 6.589260729826218, 6.581542355500973, 5.757730471382958, 5.441869973793664, 5.394804600097666, 5.248855166126509, 29.597463681255658, 5.319306814371947, 5.002222039360869, 5.001264200443341, 4.998471170088556, 4.653210687301618, 4.653066337569663, 4.667579081535425, 4.008720341085401, 5.300712453637509, 20.298591911925524, 10.377658721080014, 23.31498221033611, 125.59801945761326, 28.17666528131365, 15.156146448779316, 16.650516783874895, 10.084149289502742, 32.878313997589785, 25.542336691962394, 20.434939512936225, 11.68493796275588, 31.60627903189241, 495.9508799870557, 25.353709746025174, 71.44343388684364, 72.66072199387479, 122.62892893071007, 23.272607472345136, 73.83866190085998, 80.89848603919148, 13.641204944009422, 12.853207320016054, 12.487208691553423, 12.99991260594263, 9.310373659347587, 9.469299346214356, 6.8779129702521224, 7.443552418014356, 9.243849027341334, 7.900345729173269, 5.596682734262527, 6.894372423930703, 5.724310386798415, 5.259944815330301, 5.644800859383379, 4.866180369207122, 4.86515572604468, 4.8645434093272595, 5.246800529336408, 4.902851080450094, 4.528704687775753, 7.442322963032213, 4.5538356797343384, 4.191221717696056, 3.9666368907886076, 17.001563606706693, 3.93578928868236, 3.798180839095526, 3.797958609137351, 3.7976587093806558, 4.987730204275642, 16.470159262335933, 13.507035185024488, 20.255759730409665, 11.423674476089076, 119.00481952486943, 14.482441111654646, 27.590869466495445, 78.11403137845164, 25.434651018204697, 15.073352693070163, 43.461313275883455, 11.402534587074985, 62.74182584983795, 24.284828298536045, 185.39292603459972, 20.49604118886249, 16.628410468391937, 26.466840619169943, 35.834444925054505, 122.62892893071007], "Category": ["Default", "Default", "Default", "Default", "Default", "Default", "Default", "Default", "Default", "Default", "Default", "Default", "Default", "Default", "Default", "Default", "Default", "Default", "Default", "Default", "Default", "Default", "Default", "Default", "Default", "Default", "Default", "Default", "Default", "Default", "Topic1", "Topic1", "Topic1", "Topic1", "Topic1", "Topic1", "Topic1", "Topic1", "Topic1", "Topic1", "Topic1", "Topic1", "Topic1", "Topic1", "Topic1", "Topic1", "Topic1", "Topic1", "Topic1", "Topic1", "Topic1", "Topic1", "Topic1", "Topic1", "Topic1", "Topic1", "Topic1", "Topic1", "Topic1", "Topic1", "Topic1", "Topic1", "Topic1", "Topic1", "Topic1", "Topic1", "Topic1", "Topic1", "Topic1", "Topic1", "Topic1", "Topic1", "Topic1", "Topic1", "Topic1", "Topic1", "Topic1", "Topic1", "Topic1", "Topic1", "Topic1", "Topic1", "Topic1", "Topic1", "Topic1", "Topic1", "Topic2", "Topic2", "Topic2", "Topic2", "Topic2", "Topic2", "Topic2", "Topic2", "Topic2", "Topic2", "Topic2", "Topic2", "Topic2", "Topic2", "Topic2", "Topic2", "Topic2", "Topic2", "Topic2", "Topic2", "Topic2", "Topic2", "Topic2", "Topic2", "Topic2", "Topic2", "Topic2", "Topic2", "Topic2", "Topic2", "Topic2", "Topic2", "Topic2", "Topic2", "Topic2", "Topic2", "Topic2", "Topic2", "Topic2", "Topic2", "Topic2", "Topic2", "Topic2", "Topic2", "Topic2", "Topic2", "Topic2", "Topic2", "Topic2", "Topic2", "Topic2", "Topic2", "Topic2", "Topic2", "Topic2", "Topic3", "Topic3", "Topic3", "Topic3", "Topic3", "Topic3", "Topic3", "Topic3", "Topic3", "Topic3", "Topic3", "Topic3", "Topic3", "Topic3", "Topic3", "Topic3", "Topic3", "Topic3", "Topic3", "Topic3", "Topic3", "Topic3", "Topic3", "Topic3", "Topic3", "Topic3", "Topic3", "Topic3", "Topic3", "Topic3", "Topic3", "Topic3", "Topic3", "Topic3", "Topic3", "Topic3", "Topic3", "Topic3", "Topic3", "Topic3", "Topic3", "Topic3", "Topic3", "Topic3", "Topic3", "Topic3", "Topic3", "Topic3", "Topic3", "Topic3", "Topic3", "Topic3", "Topic3", "Topic3", "Topic3", "Topic3", "Topic3", "Topic4", "Topic4", "Topic4", "Topic4", "Topic4", "Topic4", "Topic4", "Topic4", "Topic4", "Topic4", "Topic4", "Topic4", "Topic4", "Topic4", "Topic4", "Topic4", "Topic4", "Topic4", "Topic4", "Topic4", "Topic4", "Topic4", "Topic4", "Topic4", "Topic4", "Topic4", "Topic4", "Topic4", "Topic4", "Topic4", "Topic4", "Topic4", "Topic4", "Topic4", "Topic4", "Topic4", "Topic4", "Topic4", "Topic4", "Topic4", "Topic4", "Topic4", "Topic4", "Topic4", "Topic4", "Topic4", "Topic4", "Topic4", "Topic4", "Topic5", "Topic5", "Topic5", "Topic5", "Topic5", "Topic5", "Topic5", "Topic5", "Topic5", "Topic5", "Topic5", "Topic5", "Topic5", "Topic5", "Topic5", "Topic5", "Topic5", "Topic5", "Topic5", "Topic5", "Topic5", "Topic5", "Topic5", "Topic5", "Topic5", "Topic5", "Topic5", "Topic5", "Topic5", "Topic5", "Topic5", "Topic5", "Topic5", "Topic5", "Topic5", "Topic5", "Topic5", "Topic5", "Topic5", "Topic5", "Topic5", "Topic5", "Topic5", "Topic5", "Topic5", "Topic5", "Topic5", "Topic5", "Topic5", "Topic5", "Topic5", "Topic5", "Topic5", "Topic5", "Topic5", "Topic6", "Topic6", "Topic6", "Topic6", "Topic6", "Topic6", "Topic6", "Topic6", "Topic6", "Topic6", "Topic6", "Topic6", "Topic6", "Topic6", "Topic6", "Topic6", "Topic6", "Topic6", "Topic6", "Topic6", "Topic6", "Topic6", "Topic6", "Topic6", "Topic6", "Topic6", "Topic6", "Topic6", "Topic6", "Topic6", "Topic6", "Topic6", "Topic6", "Topic6", "Topic6", "Topic6", "Topic6", "Topic6", "Topic6", "Topic6", "Topic6", "Topic6", "Topic6", "Topic6", "Topic6", "Topic6", "Topic6", "Topic6", "Topic6", "Topic6", "Topic6", "Topic6", "Topic6", "Topic7", "Topic7", "Topic7", "Topic7", "Topic7", "Topic7", "Topic7", "Topic7", "Topic7", "Topic7", "Topic7", "Topic7", "Topic7", "Topic7", "Topic7", "Topic7", "Topic7", "Topic7", "Topic7", "Topic7", "Topic7", "Topic7", "Topic7", "Topic7", "Topic7", "Topic7", "Topic7", "Topic7", "Topic7", "Topic7", "Topic7", "Topic7", "Topic7", "Topic7", "Topic7", "Topic7", "Topic7", "Topic7", "Topic7", "Topic7", "Topic7", "Topic7", "Topic7", "Topic7", "Topic7", "Topic7", "Topic7", "Topic7", "Topic7", "Topic7", "Topic7", "Topic7", "Topic7", "Topic7", "Topic8", "Topic8", "Topic8", "Topic8", "Topic8", "Topic8", "Topic8", "Topic8", "Topic8", "Topic8", "Topic8", "Topic8", "Topic8", "Topic8", "Topic8", "Topic8", "Topic8", "Topic8", "Topic8", "Topic8", "Topic8", "Topic8", "Topic8", "Topic8", "Topic8", "Topic8", "Topic8", "Topic8", "Topic8", "Topic8", "Topic8", "Topic8", "Topic8", "Topic8", "Topic8", "Topic8", "Topic8", "Topic8", "Topic8", "Topic8", "Topic8", "Topic8", "Topic8", "Topic8", "Topic8", "Topic8", "Topic8", "Topic8", "Topic8", "Topic8", "Topic8", "Topic8", "Topic8", "Topic8", "Topic9", "Topic9", "Topic9", "Topic9", "Topic9", "Topic9", "Topic9", "Topic9", "Topic9", "Topic9", "Topic9", "Topic9", "Topic9", "Topic9", "Topic9", "Topic9", "Topic9", "Topic9", "Topic9", "Topic9", "Topic9", "Topic9", "Topic9", "Topic9", "Topic9", "Topic9", "Topic9", "Topic9", "Topic9", "Topic9", "Topic9", "Topic9", "Topic9", "Topic9", "Topic9", "Topic9", "Topic9", "Topic9", "Topic9", "Topic9", "Topic9", "Topic9", "Topic9", "Topic9", "Topic9", "Topic9", "Topic9", "Topic9", "Topic9", "Topic9", "Topic9", "Topic9", "Topic10", "Topic10", "Topic10", "Topic10", "Topic10", "Topic10", "Topic10", "Topic10", "Topic10", "Topic10", "Topic10", "Topic10", "Topic10", "Topic10", "Topic10", "Topic10", "Topic10", "Topic10", "Topic10", "Topic10", "Topic10", "Topic10", "Topic10", "Topic10", "Topic10", "Topic10", "Topic10", "Topic10", "Topic10", "Topic10", "Topic10", "Topic10", "Topic10", "Topic10", "Topic10", "Topic10", "Topic10", "Topic10", "Topic10", "Topic10", "Topic10", "Topic10", "Topic10", "Topic10", "Topic10", "Topic10", "Topic10", "Topic10", "Topic10", "Topic10", "Topic10"], "logprob": [30.0, 29.0, 28.0, 27.0, 26.0, 25.0, 24.0, 23.0, 22.0, 21.0, 20.0, 19.0, 18.0, 17.0, 16.0, 15.0, 14.0, 13.0, 12.0, 11.0, 10.0, 9.0, 8.0, 7.0, 6.0, 5.0, 4.0, 3.0, 2.0, 1.0, -2.0908, -4.6878, -4.1455, -5.1585, -5.2281, -5.3002, -5.4391, -5.4853, -5.5851, -5.5452, -5.5995, -5.6826, -5.5192, -5.8856, -5.912, -5.912, -6.0274, -6.0127, -6.0773, -6.0781, -5.1006, -6.1637, -6.1646, -6.167, -6.1691, -6.1685, -6.2583, -3.8896, -3.7621, -6.3672, -6.3507, -4.669, -5.0845, -5.3443, -4.5915, -4.827, -4.5139, -4.7889, -5.5604, -4.7504, -5.5152, -4.4184, -5.1416, -5.3181, -3.7567, -3.2917, -5.3526, -4.4971, -5.0035, -5.0078, -5.1519, -5.0266, -4.9765, -5.065, -5.1359, -5.3364, -4.8506, -4.9164, -5.2642, -4.6941, -5.2703, -4.9368, -4.9655, -5.0302, -5.415, -5.53, -5.5965, -5.5989, -5.4384, -5.7291, -5.7385, -5.5533, -5.8111, -5.6836, -5.3679, -5.7345, -5.8821, -5.8252, -5.9035, -5.9045, -5.9902, -3.9832, -5.9898, -5.9171, -4.5305, -6.0848, -5.3109, -4.7865, -4.7235, -5.1959, -4.8796, -3.8895, -4.8504, -4.6533, -4.5636, -4.383, -4.6244, -4.562, -2.6321, -4.9356, -4.5746, -4.4217, -4.5869, -4.4115, -4.8982, -4.7587, -4.4766, -4.7412, -5.0853, -5.0169, -5.0644, -4.23, -4.432, -4.8184, -4.9833, -5.198, -5.2565, -5.2543, -5.3126, -5.3808, -5.4312, -5.383, -5.476, -5.5812, -4.7445, -5.7576, -5.0564, -5.8993, -6.0077, -6.0118, -5.4178, -6.0186, -6.0206, -6.0508, -6.0367, -6.1511, -6.1514, -6.1509, -6.1484, -6.1694, -4.5353, -4.4476, -4.4072, -3.5342, -2.6495, -4.8782, -4.9322, -5.4124, -5.4441, -4.5982, -5.3344, -3.9929, -4.4854, -4.2468, -3.8762, -4.735, -4.7236, -4.6288, -4.1991, -3.675, -5.2669, -4.9342, -4.9429, -5.0753, -5.0215, -5.1235, -5.1671, -5.1853, -3.1415, -4.3349, -4.7131, -4.8566, -4.876, -4.9252, -5.059, -4.6359, -5.068, -5.0751, -5.2257, -5.1837, -5.1594, -5.314, -4.9678, -5.5337, -5.5921, -5.5915, -5.6678, -5.5959, -5.0056, -4.8964, -5.8532, -5.8566, -5.3889, -5.9105, -5.9145, -5.9959, -5.9201, -6.0011, -4.0094, -4.8823, -3.9444, -4.801, -4.2735, -5.253, -4.1035, -4.0475, -3.6261, -5.0649, -4.8924, -3.306, -4.2987, -4.4791, -4.4951, -4.5991, -4.9672, -4.7852, -4.9468, -4.1046, -4.5473, -2.9977, -4.8631, -4.8967, -4.338, -4.5623, -5.3363, -5.3152, -5.2842, -5.3887, -5.3889, -5.3974, -5.5128, -5.513, -5.5758, -5.6324, -5.5289, -5.6383, -5.7274, -5.4811, -5.768, -5.775, -5.8209, -5.821, -5.749, -5.906, -5.9097, -5.9097, -5.8117, -5.0264, -4.8479, -5.0608, -4.6512, -4.3361, -3.7787, -4.5282, -2.6787, -4.9703, -3.6658, -5.0831, -4.4945, -4.8483, -5.0597, -5.0462, -5.3074, -5.2295, -4.7179, -5.0009, -4.8627, -5.054, -5.0213, -5.1816, -5.2217, -5.2145, -3.9381, -4.4265, -3.6495, -4.9632, -5.0349, -5.1492, -5.3905, -5.0941, -2.773, -5.3855, -5.5089, -5.5655, -4.1949, -5.6299, -5.0104, -5.0531, -5.6996, -5.7088, -5.5749, -4.8171, -5.7717, -5.6525, -5.7815, -5.8223, -5.8259, -5.8098, -5.8743, -5.8363, -5.9571, -5.9652, -4.9026, -4.3257, -4.0404, -3.9628, -5.4884, -4.6975, -5.3424, -4.0941, -5.3102, -5.1622, -5.4121, -4.4306, -5.1137, -4.7771, -4.3556, -4.1036, -5.088, -5.278, -4.8023, -4.9497, -5.2339, -5.0489, -5.177, -4.4077, -4.4831, -4.2453, -4.5318, -4.6463, -4.6015, -4.9009, -5.3305, -5.3317, -5.2483, -5.3588, -5.3677, -5.1729, -5.5672, -5.5451, -5.5344, -5.6399, -5.6399, -5.6401, -5.6801, -5.141, -5.7185, -5.7334, -5.8189, -5.7604, -5.5872, -5.8348, -5.3921, -5.9319, -4.865, -3.4336, -4.2491, -4.624, -3.9328, -4.4815, -5.1063, -3.5694, -4.9151, -4.0748, -4.5968, -5.3696, -5.0997, -4.2225, -3.4635, -4.4446, -5.2122, -4.7475, -5.2009, -4.9103, -4.6829, -5.0953, -4.9536, -5.0182, -5.0856, -4.4947, -4.4431, -4.9295, -4.9282, -5.0724, -5.0706, -5.2298, -5.0825, -5.1684, -5.1871, -5.277, -4.3194, -5.4957, -5.4858, -5.5685, -5.5718, -5.6294, -5.6613, -5.6619, -4.5221, -5.7549, -5.9211, -5.924, -5.9654, -5.9655, -5.9656, -5.9656, -5.9657, -5.9658, -5.0221, -4.7584, -4.8307, -4.1062, -4.8074, -4.5841, -5.0632, -4.8726, -4.1793, -4.7068, -3.7545, -3.984, -4.4437, -4.8968, -3.3289, -4.6403, -4.925, -4.4103, -4.3978, -4.6692, -4.9325, -4.8865, -4.9452, -5.0395, -5.0599, -4.4499, -4.4865, -4.6277, -4.6535, -4.9372, -4.8698, -3.6763, -5.0793, -5.1287, -4.7043, -4.7043, -5.2549, -5.2551, -5.2552, -5.2553, -5.3167, -5.3179, -5.4558, -5.5215, -5.5317, -5.564, -3.8344, -5.5523, -5.6209, -5.6211, -5.6219, -5.7075, -5.7075, -5.7149, -5.8918, -5.631, -4.466, -5.0502, -4.4122, -3.3709, -4.5056, -4.9269, -4.9041, -5.2497, -4.6875, -4.8366, -4.939, -5.1926, -4.8812, -4.0212, -4.9955, -4.855, -4.87, -4.8086, -5.0972, -5.0927, -5.1115, -4.4194, -4.4827, -4.5211, -4.4834, -4.8306, -4.8181, -5.1674, -5.0893, -4.8735, -5.0503, -5.4037, -5.2014, -5.3914, -5.4764, -5.4152, -5.5688, -5.569, -5.5692, -5.5024, -5.5768, -5.6566, -5.1617, -5.6559, -5.7502, -5.8186, -4.3638, -5.8292, -5.8732, -5.8732, -5.8734, -5.6046, -4.5228, -4.8348, -4.5264, -4.9802, -3.2932, -4.8388, -4.5614, -3.9462, -4.6256, -4.9363, -4.4569, -5.1354, -4.2956, -4.81, -4.1292, -4.9901, -5.0933, -4.9898, -4.9816, -4.958], "loglift": [30.0, 29.0, 28.0, 27.0, 26.0, 25.0, 24.0, 23.0, 22.0, 21.0, 20.0, 19.0, 18.0, 17.0, 16.0, 15.0, 14.0, 13.0, 12.0, 11.0, 10.0, 9.0, 8.0, 7.0, 6.0, 5.0, 4.0, 3.0, 2.0, 1.0, 2.1191, 2.0713, 2.0619, 2.0414, 2.0296, 2.0295, 2.0096, 2.0013, 2.0005, 1.9914, 1.9897, 1.9873, 1.9695, 1.96, 1.9569, 1.9569, 1.9368, 1.9346, 1.9297, 1.9295, 1.9249, 1.914, 1.9087, 1.9069, 1.9051, 1.9016, 1.8954, 1.8949, 1.878, 1.8723, 1.872, 1.8171, 1.8307, 1.8322, 1.7331, 1.6591, 1.5317, 1.5935, 1.7732, 1.5013, 1.7211, 1.234, 1.5152, 1.5858, 0.5472, 0.0282, 1.5749, 0.543, 1.03, 0.9712, 1.1846, 0.5819, 0.281, 0.4792, 0.5266, -0.0959, 2.0728, 2.0642, 2.0433, 2.0433, 2.0427, 2.0412, 2.0399, 2.0217, 2.02, 2.0175, 2.0101, 2.0078, 2.0033, 1.9938, 1.9926, 1.9919, 1.9828, 1.9821, 1.9789, 1.9768, 1.9725, 1.9721, 1.9693, 1.9691, 1.9557, 1.9535, 1.9515, 1.9482, 1.9401, 1.9398, 1.9336, 1.9235, 1.8172, 1.8594, 1.818, 1.6694, 1.7948, 1.7369, 1.6712, 1.581, 1.65, 1.603, 0.6879, 1.6272, 1.4044, 0.8028, 0.9573, 0.6286, 1.1799, 0.8461, 0.2407, 0.6385, 1.4401, 1.0561, 0.9743, 2.1127, 2.096, 2.081, 2.0759, 2.0595, 2.0547, 2.0459, 2.0454, 2.0431, 2.0381, 2.0355, 2.0334, 2.0216, 2.0077, 1.9992, 1.9872, 1.9785, 1.9609, 1.9599, 1.9577, 1.9572, 1.957, 1.9535, 1.9426, 1.9352, 1.9351, 1.9328, 1.9312, 1.9259, 1.9149, 1.8811, 1.8668, 1.7914, 1.6544, 1.8176, 1.7963, 1.8406, 1.8354, 1.6427, 1.7849, 1.2477, 1.2691, 1.1329, 0.8711, 1.3934, 1.2239, 1.1098, 0.5182, -0.3551, 1.625, 0.7528, 0.6159, 0.9977, 0.3658, 0.3108, 0.8716, -0.492, 2.1947, 2.1674, 2.1498, 2.1412, 2.14, 2.1298, 2.1271, 2.1254, 2.1246, 2.1135, 2.1133, 2.1132, 2.1072, 2.0986, 2.0871, 2.0816, 2.0685, 2.0676, 2.0648, 2.0628, 2.0542, 2.0416, 2.0381, 2.0373, 2.0255, 2.0183, 2.0149, 2.0147, 2.0082, 2.0076, 1.9562, 1.9763, 1.7426, 1.852, 1.7579, 1.8655, 1.5013, 1.4768, 1.0911, 1.742, 1.589, 0.0139, 0.8769, 0.6541, 0.6731, 0.7265, 1.3644, -0.0919, 0.2777, 2.2537, 2.2478, 2.2334, 2.2288, 2.2264, 2.2099, 2.2066, 2.1874, 2.186, 2.1836, 2.1816, 2.1816, 2.1737, 2.1668, 2.1668, 2.1587, 2.1482, 2.1471, 2.1413, 2.1372, 2.1299, 2.1296, 2.128, 2.1224, 2.1224, 2.117, 2.1047, 2.1042, 2.1018, 2.0993, 2.0825, 2.0271, 1.959, 1.7733, 1.6735, 1.3545, 1.5696, 0.6412, 1.7414, 1.0275, 1.7265, 1.158, 1.4531, 1.565, 1.4782, 1.8617, 1.6851, 0.5227, 0.9715, 0.3948, 0.7819, 0.0189, 1.1119, 1.3852, -0.233, 2.3165, 2.2846, 2.2571, 2.2518, 2.2473, 2.247, 2.2212, 2.2194, 2.2085, 2.2077, 2.2063, 2.1946, 2.1944, 2.1896, 2.1883, 2.1879, 2.1791, 2.1777, 2.1767, 2.1756, 2.1676, 2.1673, 2.166, 2.1586, 2.153, 2.1527, 2.1499, 2.1434, 2.1305, 2.1215, 2.1187, 2.0183, 1.977, 1.6457, 2.0369, 1.7223, 1.936, 1.2857, 1.8621, 1.6707, 1.8716, 0.745, 1.5226, 1.0587, 0.3616, -0.7837, 1.2023, 1.5355, -0.109, 0.0904, 1.373, 0.2086, 0.4278, 2.3443, 2.3404, 2.3387, 2.3377, 2.331, 2.3198, 2.2968, 2.2709, 2.2709, 2.2702, 2.2682, 2.2662, 2.2581, 2.241, 2.2405, 2.2373, 2.2303, 2.2303, 2.2302, 2.2231, 2.222, 2.2179, 2.2046, 2.2009, 2.1963, 2.1962, 2.1795, 2.173, 2.1682, 2.1662, 2.0007, 2.049, 2.0089, 1.8925, 1.9511, 2.0514, 1.6063, 1.9525, 1.5876, 1.7024, 2.0828, 1.9284, 1.0349, -0.1436, 0.7799, 1.8343, 0.6399, 1.8025, 0.8283, 0.0104, 1.2307, 0.2146, 0.5903, 1.0794, 2.3998, 2.3877, 2.3691, 2.3684, 2.356, 2.3486, 2.3395, 2.3392, 2.3266, 2.3226, 2.3199, 2.3099, 2.3058, 2.2981, 2.2951, 2.2946, 2.2832, 2.2805, 2.2804, 2.2615, 2.2488, 2.2326, 2.2309, 2.2241, 2.2241, 2.2241, 2.2241, 2.2241, 2.224, 2.2068, 2.1312, 2.0468, 1.9, 1.9771, 1.8613, 1.9802, 1.8329, 1.5629, 1.6145, 0.9927, 1.0562, 1.3921, 1.6809, -0.009, 1.3321, 1.6501, 0.8142, -0.0938, 0.499, 1.0356, 0.2467, 0.599, 0.6006, 0.8402, 2.4115, 2.4089, 2.4008, 2.3991, 2.3774, 2.3768, 2.3683, 2.3643, 2.3593, 2.3477, 2.3477, 2.3454, 2.3454, 2.3454, 2.3454, 2.3243, 2.3242, 2.32, 2.3107, 2.3092, 2.3044, 2.3043, 2.3028, 2.2956, 2.2956, 2.2954, 2.2814, 2.2813, 2.2709, 2.2461, 2.2276, 2.0499, 2.1365, 1.9651, 1.3224, 1.6823, 1.881, 1.8098, 1.9657, 1.346, 1.4495, 1.5702, 1.8755, 1.1918, -0.7013, 1.2979, 0.4025, 0.3706, -0.0914, 1.2819, 0.1318, 0.0217, 2.4939, 2.4901, 2.4806, 2.478, 2.4646, 2.4602, 2.4307, 2.4298, 2.429, 2.4092, 2.4005, 2.3942, 2.3902, 2.3899, 2.3804, 2.3753, 2.3753, 2.3752, 2.3664, 2.3598, 2.3593, 2.3575, 2.3545, 2.3432, 2.3299, 2.3293, 2.3271, 2.3187, 2.3187, 2.3187, 2.3148, 2.202, 2.0884, 1.9915, 2.1105, 1.454, 2.0147, 1.6475, 1.222, 1.6647, 1.8772, 1.2976, 1.9572, 1.0917, 1.5266, 0.1747, 1.5161, 1.622, 1.2607, 0.9659, -0.2408]}, "token.table": {"Topic": [10, 4, 8, 2, 5, 9, 1, 5, 6, 7, 3, 5, 4, 3, 3, 5, 6, 3, 1, 3, 8, 3, 4, 5, 4, 1, 5, 6, 6, 2, 8, 5, 1, 5, 6, 9, 3, 2, 2, 1, 2, 3, 5, 7, 8, 9, 5, 3, 3, 7, 1, 2, 3, 4, 5, 7, 8, 9, 6, 8, 4, 1, 4, 7, 9, 3, 7, 1, 4, 8, 1, 2, 3, 4, 5, 6, 7, 8, 9, 10, 2, 3, 5, 6, 10, 2, 8, 4, 6, 8, 9, 6, 1, 2, 3, 5, 8, 8, 10, 5, 5, 10, 5, 9, 10, 8, 1, 3, 6, 8, 2, 3, 10, 7, 2, 8, 2, 6, 6, 9, 3, 8, 3, 5, 1, 8, 8, 7, 3, 4, 9, 4, 6, 2, 4, 8, 9, 10, 9, 3, 1, 2, 3, 4, 5, 9, 5, 10, 1, 2, 3, 4, 5, 6, 8, 9, 1, 2, 3, 5, 6, 7, 9, 1, 2, 2, 3, 7, 8, 1, 3, 8, 9, 10, 6, 4, 7, 2, 4, 6, 8, 9, 10, 2, 3, 4, 5, 7, 9, 1, 2, 3, 6, 4, 8, 6, 4, 2, 2, 1, 9, 8, 1, 2, 3, 6, 7, 9, 6, 1, 3, 4, 7, 8, 9, 10, 2, 6, 9, 1, 3, 6, 10, 5, 4, 9, 5, 2, 9, 10, 7, 2, 10, 8, 4, 2, 8, 10, 6, 2, 1, 2, 5, 6, 8, 9, 1, 2, 4, 8, 9, 7, 2, 8, 1, 4, 5, 6, 9, 2, 5, 9, 2, 9, 5, 9, 1, 4, 4, 1, 2, 8, 9, 1, 4, 8, 5, 2, 1, 2, 6, 2, 4, 5, 6, 8, 8, 10, 1, 7, 3, 5, 2, 4, 5, 7, 10, 5, 4, 2, 6, 7, 8, 5, 7, 6, 7, 2, 9, 10, 10, 2, 3, 6, 7, 10, 2, 8, 2, 6, 4, 6, 10, 1, 4, 1, 8, 1, 2, 7, 4, 5, 6, 9, 1, 4, 6, 7, 8, 1, 2, 3, 10, 2, 5, 4, 2, 3, 6, 9, 3, 8, 4, 5, 1, 3, 5, 6, 8, 3, 6, 10, 4, 7, 7, 1, 5, 10, 4, 10, 3, 3, 2, 9, 5, 7, 7, 3, 5, 8, 6, 2, 1, 7, 1, 2, 3, 4, 5, 6, 7, 8, 9, 10, 3, 4, 6, 10, 5, 2, 6, 1, 9, 10, 5, 7, 10, 1, 2, 3, 4, 5, 7, 2, 1, 2, 4, 5, 6, 7, 8, 9, 1, 1, 3, 4, 5, 6, 7, 8, 9, 8, 1, 6, 10, 5, 1, 4, 8, 9, 2, 3, 7, 6, 7, 8, 1, 4, 1, 4, 5, 6, 10, 1, 2, 4, 7, 8, 3, 4, 8, 6, 7, 4, 2, 8, 10, 6, 1, 2, 3, 5, 7, 9, 3, 2, 3, 4, 7, 10, 5, 2, 3, 4, 5, 6, 7, 9, 10, 9, 7, 8, 1, 4, 8, 1, 2, 3, 5, 6, 8, 9, 1, 2, 3, 4, 5, 6, 8, 9, 4, 6, 8, 9, 6, 9, 6, 9, 9, 3, 5, 6, 9, 5, 6, 2, 3, 4, 7, 8, 10, 1, 5, 6, 7, 8, 9, 10, 1, 2, 6, 9, 1, 2, 5, 10, 3, 4, 1, 4, 5, 6, 8, 5, 1, 6, 3, 1, 5, 6, 8, 10, 1, 3, 4, 5, 7, 4, 7, 10, 2, 4, 6, 8, 10, 1, 2, 10, 10, 7, 8, 9, 1, 3, 4, 5, 6, 7, 8, 9, 10, 2, 9, 10, 9, 5, 2, 3, 5, 6, 7, 9, 10, 10, 10, 2, 6, 7, 4, 1, 9, 1, 9, 1, 2, 4, 6, 2, 3, 4, 6, 8, 10, 7, 2, 6, 8, 4, 3, 1, 2, 3, 4, 5, 7, 5, 2, 4, 5, 9, 6, 2, 4, 7, 9, 1, 1, 3, 4, 10, 1, 2, 1, 2, 7, 1, 3, 7, 1, 8, 10, 2, 5, 7, 10, 7, 6, 3, 3, 1, 9, 3, 4, 6, 10, 4, 10, 9, 1, 9, 5, 3, 1, 2, 3, 4, 5, 6, 7, 8, 9, 10, 1, 1, 2, 4, 5, 6, 8, 9, 1, 2, 3, 9, 8, 1, 7, 2, 9, 5, 7, 2, 3, 5, 6, 9, 5, 10, 8, 10, 7, 8, 10, 3, 6, 8, 10, 10, 4, 1, 8, 2, 5, 6, 7, 10, 1, 2, 3, 5, 6, 9, 1, 4, 6, 9, 5, 3, 1, 4, 5, 6, 9, 8, 5, 1, 10, 7, 2, 6, 7, 8, 9, 1, 3, 2, 9, 2, 5, 5, 1, 3, 4, 6, 7, 4, 2, 4, 3, 3, 4, 5, 7, 8, 9, 6, 5, 2, 4, 5, 7, 3, 8, 9, 1, 2, 9, 6, 1, 7, 1, 5, 7, 8, 7, 10, 6, 1, 2, 7, 9, 1, 3, 4, 7, 8, 9, 2, 3, 4, 8, 1, 2, 4, 5, 6, 7, 8, 9, 8, 8, 10, 9, 1, 2, 3, 4, 5, 6, 7, 8, 9, 10, 1, 3, 6, 8, 10, 7, 1, 4, 5, 6, 7, 8, 9, 10, 2, 8, 2, 1, 4, 7, 3, 7, 2, 3, 4, 5, 6, 7, 8, 7, 8, 1, 5, 6, 8, 3, 8, 1, 3, 4, 1, 2, 6, 9, 4, 7, 9, 4, 2, 3, 5, 7, 10, 4, 3, 1, 3, 9, 6, 10, 9, 1, 3, 8, 9, 10, 6, 3, 4, 1, 2, 2, 6, 3, 1, 2, 3, 4, 5, 7, 8, 9, 10, 3, 5, 10, 3, 8, 1, 2, 4, 1, 4, 8, 9, 8, 3, 1, 7, 10, 2, 3, 4, 8, 10, 5, 9, 10, 2, 4, 6, 8, 10, 1, 2, 9, 3, 7, 6, 10, 1, 4, 5, 7, 10, 1, 5, 1, 2, 3, 4, 5, 6, 9, 10, 6, 3, 9, 1, 2, 7, 9, 10, 7, 10, 5, 7, 9], "Freq": [0.8654403567537404, 0.9446449264637011, 0.06297632843091341, 0.3295661052699038, 0.49434915790485573, 0.1647830526349519, 0.9967025933775517, 0.09498138409854293, 0.5698883045912575, 0.18996276819708585, 0.050871738578986116, 0.9156912944217501, 0.8606373486524271, 0.8504442762562203, 0.8519599957114404, 0.7760663250763021, 0.1411029681956913, 0.8551164004658132, 0.7797991980329778, 0.04104206305436726, 0.16416825221746903, 0.5988006245932164, 0.11227511711122806, 0.22455023422245612, 0.9630159413077455, 0.1618819457504835, 0.37772454008446155, 0.37772454008446155, 0.875103610691028, 0.8797862506940182, 0.8604135590498164, 0.8491439067474031, 0.013633736726262918, 0.9407278341121413, 0.027267473452525837, 0.9116306582416868, 0.7059835685217674, 0.9333492064559842, 0.8703841537226275, 0.20985552202122426, 0.020985552202122424, 0.0839422088084897, 0.0839422088084897, 0.4406965962445709, 0.12591331321273455, 0.020985552202122424, 0.7889130578987196, 0.9313788993770747, 0.9149217397325857, 0.876346210790422, 0.15968363287431186, 0.053227877624770624, 0.2129115104990825, 0.07984181643715593, 0.10645575524954125, 0.07984181643715593, 0.1862975716866972, 0.07984181643715593, 0.7109496863776391, 0.820127668309134, 0.9286385237133653, 0.7088094903970983, 0.10125849862815689, 0.10125849862815689, 0.8569753034980564, 0.9474498503329131, 0.8752620299469528, 0.7173312538651379, 0.047822083591009194, 0.19128833436403678, 0.12299605154766959, 0.23591045952585807, 0.08266947726974513, 0.11089807926429225, 0.18953489910624494, 0.0443592317057169, 0.07863681984195268, 0.08468580598364135, 0.042342902991820676, 0.008065314855584892, 0.2644818888934517, 0.11334938095433646, 0.2644818888934517, 0.07556625396955764, 0.2644818888934517, 0.765507420260116, 0.7611940731461457, 0.10454101253821943, 0.2613525313455486, 0.47043455642198745, 0.15681151880732916, 0.986433067652482, 0.049690390701772696, 0.09938078140354539, 0.24845195350886348, 0.44721351631595424, 0.1490711721053181, 0.13436664936031903, 0.8061998961619142, 0.8485804052462603, 0.923739616017518, 0.8158518246556227, 0.7602557348704428, 0.7546155417759134, 0.885770840203951, 0.7605549089216791, 0.17865672930126156, 0.11910448620084105, 0.17865672930126156, 0.5359701879037847, 0.06904913282852963, 0.27619653131411853, 0.5523930626282371, 0.8818106667916985, 0.8273894174944887, 0.8909545680870129, 0.816695568053393, 0.10208694600667413, 0.8906354289499503, 0.7996446316307618, 0.10051399855524788, 0.8041119884419831, 0.7088518507260118, 0.8213597886360602, 0.7603168353856928, 0.872510848059654, 0.788120582512935, 0.9381729602900837, 0.12867262659415735, 0.21445437765692893, 0.600472257439401, 0.16334135183422588, 0.8167067591711293, 0.120997358783937, 0.8469815114875591, 0.2567407725708159, 0.5134815451416318, 0.08558025752360529, 0.9360856873591296, 0.8634977770767238, 0.3167992152705876, 0.4895987872363626, 0.028799928660962506, 0.028799928660962506, 0.08639978598288751, 0.028799928660962506, 0.2961419693668139, 0.5922839387336278, 0.2027327463360634, 0.22525860704007045, 0.07884051246402465, 0.022525860704007045, 0.1013663731680317, 0.1013663731680317, 0.2477844677440775, 0.022525860704007045, 0.09171425269196729, 0.30571417563989095, 0.2751427580759019, 0.0305714175639891, 0.0305714175639891, 0.2139999229479237, 0.0305714175639891, 0.8246378591953094, 0.9626476037598454, 0.15723345910703282, 0.1048223060713552, 0.2096446121427104, 0.47170037732109843, 0.20497006446140287, 0.6095162443194349, 0.07551528690683264, 0.01078789812954752, 0.09169713410115392, 0.8172505691739317, 0.7199855026845932, 0.1799963756711483, 0.277338357396587, 0.4952470667796197, 0.1386691786982935, 0.03961976534236958, 0.01980988267118479, 0.7898980238442895, 0.6243335329756277, 0.20811117765854256, 0.037838395937916824, 0.037838395937916824, 0.018919197968958412, 0.037838395937916824, 0.12446108128904636, 0.041487027096348786, 0.08297405419269757, 0.7052794606379293, 0.9290744266135067, 0.8510381209813446, 0.8842948126042411, 0.809568517500277, 0.884136555140338, 0.8235373703333803, 0.9311625911693382, 0.9744684400722881, 0.945020509699706, 0.0835154021034809, 0.01670308042069618, 0.1670308042069618, 0.03340616084139236, 0.6681232168278473, 0.03340616084139236, 0.9074194899202386, 0.04545441803295188, 0.09090883606590376, 0.13636325409885564, 0.1590904631153316, 0.4090897622965669, 0.09090883606590376, 0.06818162704942782, 0.043406461380488384, 0.8681292276097677, 0.043406461380488384, 0.9309798887520511, 0.7171206673560108, 0.95816045336152, 0.9230831286138385, 0.7846862213938502, 0.9720623356333864, 0.8596481781708779, 0.8837818736286734, 0.060715867046095086, 0.18214760113828526, 0.7285904045531411, 0.9399358573092558, 0.7070114118974319, 0.25250407567765426, 0.8713643712055726, 0.7797133602306073, 0.11036572578488153, 0.8829258062790523, 0.7898518072442281, 0.9541746383707387, 0.8197399444902639, 0.4155358791094774, 0.12466076373284322, 0.31165190933210807, 0.020776793955473872, 0.06233038186642161, 0.041553587910947744, 0.8283773130564609, 0.31320548689335154, 0.11745205758500683, 0.19575342930834472, 0.3523561727550205, 0.7634486463733485, 0.8872590288402662, 0.7881806013369851, 0.2270241001866146, 0.19459208587424107, 0.4864802146856027, 0.03243201431237351, 0.03243201431237351, 0.8475202116825421, 0.141253368613757, 0.8745432697105691, 0.29749658735446316, 0.5949931747089263, 0.7952580480944526, 0.7997977790586261, 0.9409316649758143, 0.0361896794221467, 0.8316503509129798, 0.3425505612859137, 0.04893579446941625, 0.0978715889388325, 0.39148635575533, 0.20276029242879187, 0.324416467886067, 0.4460726433433421, 0.9679041337874218, 0.8303245154555214, 0.14920695965195072, 0.49735653217316905, 0.29841391930390143, 0.6191707184872771, 0.03869816990545482, 0.07739633981090964, 0.23218901943272893, 0.03869816990545482, 0.9180157765714838, 0.8221730660309116, 0.4010684518029069, 0.5614958325240696, 0.06345009129462469, 0.8883012781247457, 0.07409496171941671, 0.19758656458511123, 0.09879328229255561, 0.5927596937553337, 0.8832547661579976, 0.8793425431101513, 0.8454773795865327, 0.16444310647147145, 0.08222155323573573, 0.6577724258858858, 0.08222155323573573, 0.2801448023736727, 0.6303258053407635, 0.877654587702282, 0.8612070919220595, 0.26309939926869974, 0.08769979975623325, 0.5261987985373995, 0.873467660232254, 0.05985567985623376, 0.1496391996405844, 0.6883403183466882, 0.05985567985623376, 0.02992783992811688, 0.8375275179094285, 0.1196467882727755, 0.86980100155666, 0.9071490508062273, 0.277830686864515, 0.444529098983224, 0.277830686864515, 0.7345184084044312, 0.14690368168088624, 0.2504866179957394, 0.5844687753233919, 0.039627142192926026, 0.19813571096463012, 0.7132885594726684, 0.0267877094476347, 0.0267877094476347, 0.9107821212195798, 0.0267877094476347, 0.21871447942809227, 0.09941567246731467, 0.4970783623365734, 0.15906507594770347, 0.019883134493462934, 0.05521354201907566, 0.8282031302861349, 0.0828203130286135, 0.7899604018101083, 0.8841468675577451, 0.8814355960811099, 0.8100730748630611, 0.34803211061006, 0.3163928278273273, 0.03163928278273273, 0.28475354504459455, 0.8351149283317469, 0.0835114928331747, 0.9394033015676402, 0.8331876658950018, 0.20429037783716486, 0.7763034357812265, 0.07435138327958883, 0.8709733469894692, 0.04248650473119362, 0.8736453763845976, 0.062403241170328395, 0.8723576506348348, 0.7818272236884657, 0.9493095080052673, 0.9041336925308472, 0.9122665194937518, 0.8786741397834537, 0.8933863571344371, 0.9758513262887434, 0.9529949922575565, 0.9308306333613153, 0.8730742900341771, 0.8909114212492809, 0.9048880838412915, 0.9447758889925454, 0.8648218105078939, 0.815712581874074, 0.8146276920819764, 0.11637538458313948, 0.8753646503999549, 0.8372711626916367, 0.9395980873986487, 0.11493270772958919, 0.8045289541071243, 0.05483508856167233, 0.07311345141556311, 0.14622690283112622, 0.47523743420116016, 0.018278362853890777, 0.036556725707781554, 0.10967017712334466, 0.018278362853890777, 0.036556725707781554, 0.036556725707781554, 0.25809292676889334, 0.6237245730248255, 0.06452323169222333, 0.04301548779481556, 0.946643757301634, 0.8293082629668768, 0.8920697969457069, 0.13514671537660292, 0.8446669711037682, 0.9504399080590927, 0.2468433703078328, 0.14810602218469968, 0.5924240887387987, 0.5541023149752335, 0.06156692388613706, 0.0923503858292056, 0.2770511574876168, 0.03078346194306853, 0.8979673729836445, 0.7596744102261833, 0.1629793091684733, 0.04074482729211833, 0.04074482729211833, 0.04074482729211833, 0.12223448187635498, 0.3259586183369466, 0.12223448187635498, 0.12223448187635498, 0.7624590102246014, 0.1539679632060023, 0.06998543782091014, 0.09797961294927421, 0.1539679632060023, 0.11197670051345623, 0.2519475761552765, 0.01399708756418203, 0.12597378807763826, 0.8588918589323479, 0.7022000512546999, 0.46439568837384043, 0.5307379295701034, 0.8484375594816559, 0.24632250461976504, 0.04926450092395301, 0.04926450092395301, 0.6404385120113891, 0.7089763413143761, 0.17724408532859404, 0.059081361776198014, 0.14317575008408062, 0.07158787504204031, 0.715878750420403, 0.08445905762342135, 0.9290496338576348, 0.8061084350952085, 0.023709071620447306, 0.023709071620447306, 0.11854535810223653, 0.023709071620447306, 0.0453278998741276, 0.0906557997482552, 0.1813115994965104, 0.6345905982377864, 0.0453278998741276, 0.23798616359023614, 0.5235695598985195, 0.19038893087218892, 0.7699986445597792, 0.8323728671186236, 0.9843047883019063, 0.06439118516269848, 0.8370854071150803, 0.06439118516269848, 0.8475783136716948, 0.08907581746759859, 0.029691939155866195, 0.11876775662346478, 0.5344549048055915, 0.17815163493519717, 0.029691939155866195, 0.7106891477296509, 0.19515963903183375, 0.09757981951591688, 0.19515963903183375, 0.09757981951591688, 0.34152936830570907, 0.8934812078661586, 0.03184763595217294, 0.07165718089238911, 0.10350481684456204, 0.2786668145815132, 0.08758099886847558, 0.09554290785651881, 0.31847635952172937, 0.023885726964129703, 0.9268176274465031, 0.9378152889740607, 0.7584746778235522, 0.7019061823431358, 0.926836558171567, 0.8531327781961623, 0.11010075017799012, 0.04128778131674629, 0.41287781316746297, 0.16515112526698517, 0.06881296886124383, 0.08257556263349258, 0.12386334395023889, 0.1271949295051113, 0.3815847885153339, 0.031798732376277825, 0.06359746475255565, 0.1271949295051113, 0.06359746475255565, 0.09539619712883347, 0.09539619712883347, 0.045913569570479575, 0.1836542782819183, 0.5509628348457549, 0.1836542782819183, 0.8548698056549215, 0.8002446876029763, 0.8247912491982567, 0.8760710779344382, 0.7620709418339456, 0.07340547944886569, 0.5138383561420599, 0.14681095889773138, 0.22021643834659707, 0.10172579651622553, 0.8138063721298042, 0.5896634235335988, 0.034686083737270515, 0.034686083737270515, 0.2774886698981641, 0.034686083737270515, 0.034686083737270515, 0.567241383717041, 0.0567241383717041, 0.2268965534868164, 0.1701724151151123, 0.19272169703725409, 0.6745259396303893, 0.8219999458531674, 0.9103458688719109, 0.4735316253538403, 0.5411790004043889, 0.8596215105659846, 0.08154849810027567, 0.08154849810027567, 0.7339364829024811, 0.08154849810027567, 0.7207759890896348, 0.2059359968827528, 0.114440689738953, 0.08583051730421475, 0.2574915519126442, 0.1716610346084295, 0.31471189678212075, 0.871647437340804, 0.6696661806421496, 0.22322206021404983, 0.7693155554363978, 0.12479205352602687, 0.22462569634684837, 0.27454251775725913, 0.3494177498728752, 0.9404111917125885, 0.06069864243904214, 0.06069864243904214, 0.6373357456099424, 0.03034932121952107, 0.2124452485366475, 0.8874492057793051, 0.9121925419855164, 0.9666636731560208, 0.0887825558869067, 0.11837674118254227, 0.1775651117738134, 0.5622895206170758, 0.05918837059127113, 0.8647029797707232, 0.541242352485081, 0.420966274155063, 0.7623693673191541, 0.8767357387670494, 0.7881177760678946, 0.9116404143452925, 0.06400898675649826, 0.08961258145909755, 0.21763055497209405, 0.025603594702599302, 0.012801797351299651, 0.11521617616169685, 0.14081977086429615, 0.0768107841077979, 0.26883774437729263, 0.6517664531393249, 0.043451096875955, 0.217255484379775, 0.9207524432815566, 0.8213890504393423, 0.05581222212825885, 0.3906855548978119, 0.1116244442565177, 0.13953055532064712, 0.05581222212825885, 0.027906111064129425, 0.19534277744890596, 0.8860371735570254, 0.8702750056225144, 0.16614270259191602, 0.11076180172794402, 0.6645708103676641, 0.8768793087848815, 0.7624596778262949, 0.8743654061265286, 0.6993269233310091, 0.9269497175300582, 0.7046234444427156, 0.760422512724791, 0.16898278060550911, 0.8528386992466095, 0.8141289852639934, 0.4681869852523701, 0.20065156510815862, 0.03344192751802644, 0.06688385503605287, 0.1672096375901322, 0.8866131688892069, 0.2112180137002687, 0.633654041100806, 0.7880921929661748, 0.8090712849825912, 0.9398229707427366, 0.04097513678516112, 0.12292541035548336, 0.16390054714064448, 0.45072650463677233, 0.08195027357032224, 0.12292541035548336, 0.9640234927834593, 0.8646710920037656, 0.763480884273023, 0.13881470623145872, 0.8745914711625576, 0.8181003921362189, 0.8235817598751694, 0.16496490913795, 0.82482454568975, 0.8720344133271626, 0.7015335175506192, 0.5296273043266227, 0.15132208695046365, 0.07566104347523182, 0.22698313042569548, 0.5809960568878163, 0.36312253555488516, 0.8145493972892153, 0.9409819722713081, 0.8769499046743534, 0.8758910702460492, 0.773610901533468, 0.2320832704600404, 0.4117797283583359, 0.20588986417916794, 0.37060175552250224, 0.29961050862310784, 0.5992210172462157, 0.05992210172462157, 0.05992210172462157, 0.8969002317951497, 0.8681207893657096, 0.7108312834806007, 0.8450677906755527, 0.594823980932863, 0.3717649880830394, 0.19890562047429838, 0.767207393258008, 0.028415088639185484, 0.7622359277786318, 0.969259494012513, 0.7604642520852793, 0.9399721005922748, 0.8615681703778524, 0.748368492871149, 0.9465016279293734, 0.8485156302991069, 0.18644640474677257, 0.31695888806951333, 0.018644640474677256, 0.1305124833227408, 0.018644640474677256, 0.018644640474677256, 0.03728928094935451, 0.14915712379741805, 0.09322320237338629, 0.03728928094935451, 0.9373493812008568, 0.07888391955396389, 0.03944195977698194, 0.15776783910792777, 0.31553567821585554, 0.03944195977698194, 0.03944195977698194, 0.31553567821585554, 0.24843252138294367, 0.14196144079025352, 0.14196144079025352, 0.461374682568324, 0.7882463506899655, 0.9424307752840526, 0.7205920040555573, 0.7660902530542331, 0.9105725582903503, 0.8725576976321741, 0.7635172689673475, 0.09227147925181504, 0.7843075736404279, 0.09227147925181504, 0.8730913309881134, 0.0793719391807376, 0.26261252509245675, 0.6127625585490657, 0.9352643438898816, 0.715781746246801, 0.9357705878721262, 0.8476260606870999, 0.9609833787848056, 0.0707306585010832, 0.1414613170021664, 0.6365759265097488, 0.0707306585010832, 0.8222765557668605, 0.9572917865738846, 0.8753733204197909, 0.7603105347092176, 0.03931644272548721, 0.07863288545097442, 0.3145315418038977, 0.11794932817646164, 0.3931644272548721, 0.820352476059945, 0.2214417461428529, 0.363797154377544, 0.0632690703265294, 0.3479798867959117, 0.8683977176165112, 0.6216822383044756, 0.04782171063880581, 0.19128684255522324, 0.09564342127761162, 0.9770278445036764, 0.85151554700229, 0.1590261972358132, 0.19878274654476652, 0.4373220423984863, 0.0795130986179066, 0.0795130986179066, 0.7880397227001702, 0.7859105522889785, 0.8387216926251214, 0.9336191116525935, 0.8170245568890879, 0.12890691357059594, 0.30078279833139054, 0.12890691357059594, 0.12890691357059594, 0.30078279833139054, 0.8765193903660646, 0.8947647866442726, 0.9222320508491485, 0.06148213672327656, 0.17829051604220628, 0.8023073221899283, 0.9042024547014262, 0.04475463576511529, 0.04475463576511529, 0.13426390729534587, 0.5370556291813835, 0.17901854306046117, 0.9747887445480463, 0.8746819947635991, 0.8785406806092932, 0.933061610028872, 0.3623492225833623, 0.15852778488022098, 0.15852778488022098, 0.2038214377031413, 0.045293652822920284, 0.06794047923438043, 0.7759729616561583, 0.7592100603415908, 0.9384267860056595, 0.8264764945911668, 0.07513422678101517, 0.9607163180957363, 0.7401169317492012, 0.10573099024988589, 0.10573099024988589, 0.7630452980517822, 0.09538066225647278, 0.09538066225647278, 0.8511910099437843, 0.8787160112703265, 0.7634458688790644, 0.2248179430045779, 0.5845266518119026, 0.08992717720183117, 0.08992717720183117, 0.8750609535853376, 0.8783803987045382, 0.7116934562098255, 0.14877350473818307, 0.632287395137278, 0.03719337618454577, 0.14877350473818307, 0.029966214713614662, 0.7042060457699445, 0.22474661035210997, 0.014983107356807331, 0.014983107356807331, 0.014983107356807331, 0.06093878584715637, 0.7312654301658764, 0.12187757169431274, 0.06093878584715637, 0.027086081309075114, 0.2708608130907511, 0.14897344719991312, 0.013543040654537557, 0.05417216261815023, 0.20314560981806334, 0.18960256916352577, 0.09480128458176289, 0.8621564506625456, 0.7965048641024257, 0.7563081982539546, 0.9263754204698126, 0.11156831834561728, 0.12750664953784832, 0.17532164311454143, 0.04781499357669312, 0.06375332476892416, 0.01593833119223104, 0.17532164311454143, 0.01593833119223104, 0.03187666238446208, 0.2390749678834656, 0.6035865689718044, 0.08622665271025777, 0.043113326355128885, 0.12933997906538666, 0.12933997906538666, 0.8440535692908938, 0.07416702454843573, 0.21013990288723458, 0.3831962935002513, 0.08652819530650835, 0.03708351227421786, 0.1112505368226536, 0.08652819530650835, 0.012361170758072621, 0.9047091722483364, 0.8205027736458894, 0.879861267217726, 0.8893890117496392, 0.8487855944651989, 0.08487855944651988, 0.33501143539069933, 0.5862700119337239, 0.025793753479178387, 0.012896876739589194, 0.27083441153137305, 0.012896876739589194, 0.2063500278334271, 0.45139068588562176, 0.025793753479178387, 0.3222441798845463, 0.6444883597690926, 0.2643375891924061, 0.5947595756829136, 0.06608439729810152, 0.06608439729810152, 0.7206073465621812, 0.1801518366405453, 0.1977160003034323, 0.13181066686895487, 0.6590533343447743, 0.10327064114113173, 0.6196238468467904, 0.20654128228226346, 0.9188018133616622, 0.030752333960810438, 0.061504667921620876, 0.8918176848635027, 0.8976441699453068, 0.1610627814112621, 0.41416143791467397, 0.02300896877303744, 0.11504484386518721, 0.2761076252764493, 0.9272514101917281, 0.8424081107355544, 0.6917310634737129, 0.08138012511455446, 0.20345031278638614, 0.11763623901104307, 0.8234536730773016, 0.9263737274494179, 0.33456703408837746, 0.1216607396685009, 0.18249110950275135, 0.33456703408837746, 0.030415184917125224, 0.851853631279983, 0.8730104527091447, 0.8687914825596381, 0.0842064471004477, 0.9262709181049246, 0.13519397773664524, 0.6759698886832262, 0.8764306701867352, 0.1994243768443085, 0.056978393384088145, 0.22791357353635258, 0.1994243768443085, 0.028489196692044073, 0.028489196692044073, 0.22791357353635258, 0.028489196692044073, 0.028489196692044073, 0.7077709385087945, 0.11796182308479908, 0.11796182308479908, 0.5740237315413791, 0.358764832213362, 0.1681958984732261, 0.7288488933839798, 0.056065299491075374, 0.16951990002708714, 0.6780796001083486, 0.05650663334236238, 0.05650663334236238, 0.9316814230743943, 0.8500379359504403, 0.09360072547944458, 0.7488058038355566, 0.09360072547944458, 0.08403021020430367, 0.2772996936742021, 0.06722416816344294, 0.2268815675516199, 0.33612084081721466, 0.3298991611685504, 0.5278386578696806, 0.06597983223371008, 0.5673934528938939, 0.028369672644694695, 0.08510901793408408, 0.14184836322347347, 0.14184836322347347, 0.36034917581721354, 0.12011639193907118, 0.5405237637258203, 0.12568082513580067, 0.7540849508148041, 0.637017609494393, 0.3185088047471965, 0.25370711888946973, 0.1449754965082684, 0.0724877482541342, 0.1087316223812013, 0.39868261539773814, 0.8201052965134058, 0.08201052965134058, 0.016309365314036744, 0.1467842878263307, 0.19571238376844094, 0.3261873062807349, 0.03261873062807349, 0.13862960516931233, 0.07339214391316536, 0.05708277859912861, 0.9505148923572788, 0.9528772636000821, 0.8744630422108549, 0.2380035428187182, 0.15866902854581214, 0.5156743427738895, 0.039667257136453034, 0.039667257136453034, 0.7890685432487822, 0.8019679966993949, 0.6627487156188201, 0.18935677589109146, 0.18935677589109146], "Term": ["achieve", "afraid", "afraid", "afternoon", "afternoon", "afternoon", "alchemist", "alchemists", "alchemists", "alchemists", "alchemy", "alchemy", "alive", "allah", "allowed", "angel", "angel", "answer", "answered", "answered", "answered", "appeared", "appeared", "appeared", "approached", "arab", "arab", "arab", "arabs", "area", "armed", "arms", "asked", "asked", "asked", "attention", "avoid", "aware", "awoke", "back", "back", "back", "back", "back", "back", "back", "bade", "bag", "battle", "battles", "began", "began", "began", "began", "began", "began", "began", "began", "beginner", "belongings", "birds", "black", "black", "black", "blood", "blow", "blue", "books", "books", "books", "boy", "boy", "boy", "boy", "boy", "boy", "boy", "boy", "boy", "boy", "brought", "brought", "brought", "brought", "brought", "bye", "call", "called", "called", "called", "called", "camel", "camp", "camp", "camp", "camp", "camp", "capable", "capable", "caravans", "carried", "carry", "case", "centurion", "changed", "chest", "chief", "chief", "chief", "chief", "children", "children", "children", "cities", "climbed", "close", "closer", "closer", "coins", "color", "coming", "coming", "commander", "completed", "completely", "concerned", "content", "continue", "continued", "continued", "continued", "couldn", "couldn", "courage", "courage", "covered", "covered", "covered", "created", "crossed", "crystal", "crystal", "crystal", "crystal", "crystal", "crystal", "danger", "danger", "day", "day", "day", "day", "day", "day", "day", "day", "days", "days", "days", "days", "days", "days", "days", "dead", "death", "decided", "decided", "decided", "decided", "desert", "desert", "desert", "desert", "desert", "deserts", "destinies", "destinies", "destiny", "destiny", "destiny", "destiny", "destiny", "destroyed", "didn", "didn", "didn", "didn", "didn", "didn", "die", "die", "die", "die", "died", "difficult", "direction", "disappointed", "discover", "discovered", "dismounted", "distant", "doing", "don", "don", "don", "don", "don", "don", "drank", "dream", "dream", "dream", "dream", "dream", "dream", "dream", "dreams", "dreams", "dreams", "dressed", "drew", "driver", "dunes", "earlier", "earth", "easy", "eat", "egypt", "egypt", "egypt", "else", "emerald", "emerald", "encampment", "encounter", "end", "end", "ended", "endless", "enemy", "englishman", "englishman", "englishman", "englishman", "englishman", "englishman", "enormous", "entire", "entire", "entire", "entire", "evil", "exist", "extraordinary", "eyes", "eyes", "eyes", "eyes", "eyes", "face", "face", "faces", "fact", "fact", "failed", "faith", "falcon", "falcon", "farther", "father", "father", "father", "father", "fatima", "fatima", "fatima", "fear", "fearful", "fell", "fell", "fell", "felt", "felt", "felt", "felt", "felt", "fifty", "figures", "filled", "filled", "finally", "finally", "find", "find", "find", "find", "finding", "fires", "flight", "flock", "flock", "flock", "flock", "follow", "follow", "force", "forever", "forgotten", "forgotten", "forgotten", "fought", "found", "found", "found", "found", "found", "friend", "friend", "frightened", "full", "future", "future", "future", "game", "game", "gave", "gave", "give", "give", "give", "god", "god", "god", "god", "gold", "gold", "gold", "gold", "gold", "good", "good", "good", "grateful", "ground", "group", "guide", "hand", "hand", "hand", "hand", "happen", "happen", "hawks", "hear", "heard", "heard", "heart", "heart", "heart", "hearts", "hearts", "heaven", "heed", "hidden", "holding", "hole", "hookahs", "hope", "horizon", "horse", "horsemen", "hour", "huge", "hundred", "ill", "illnesses", "immediately", "impossible", "impossible", "inside", "interested", "interrupted", "journey", "journey", "knew", "knew", "knew", "knew", "knew", "knew", "knew", "knew", "knew", "knew", "language", "language", "language", "language", "languages", "larger", "laughed", "lead", "lead", "leader", "learn", "learn", "learn", "learned", "learned", "learned", "learned", "learned", "leaving", "led", "left", "left", "left", "left", "left", "left", "left", "left", "lessons", "life", "life", "life", "life", "life", "life", "life", "life", "light", "lighted", "listen", "listen", "listened", "live", "live", "live", "live", "lived", "lived", "lived", "lives", "lives", "lives", "living", "living", "ll", "ll", "ll", "ll", "ll", "long", "long", "long", "long", "long", "longer", "longer", "longer", "lose", "lost", "love", "loved", "loved", "loved", "luck", "made", "made", "made", "made", "made", "made", "major", "make", "make", "make", "make", "make", "making", "man", "man", "man", "man", "man", "man", "man", "man", "marvels", "master", "meaning", "means", "meet", "meeting", "men", "men", "men", "men", "men", "men", "men", "merchant", "merchant", "merchant", "merchant", "merchant", "merchant", "merchant", "merchant", "met", "met", "met", "met", "metal", "midst", "mine", "minutes", "miracles", "moment", "moment", "moment", "moment", "moments", "moments", "money", "money", "money", "money", "money", "money", "monk", "monk", "monk", "monk", "morning", "morning", "mountains", "mounted", "moved", "moved", "movement", "nearby", "nearby", "nearby", "nearby", "needed", "needed", "night", "night", "night", "night", "night", "nights", "noticed", "noticed", "number", "oasis", "oasis", "oasis", "oasis", "observe", "omens", "omens", "omens", "omens", "omens", "order", "palm", "palms", "part", "part", "part", "part", "part", "parts", "passed", "passed", "pastures", "path", "paused", "pay", "people", "people", "people", "people", "people", "people", "people", "people", "people", "person", "person", "person", "philosopher", "pilgrims", "place", "place", "place", "place", "place", "place", "place", "places", "poems", "point", "point", "point", "power", "powers", "prayer", "precious", "present", "previous", "proud", "proud", "provided", "pursue", "pyramids", "pyramids", "pyramids", "pyramids", "pyramids", "questions", "quiet", "quiet", "quietly", "reach", "reached", "read", "read", "read", "read", "read", "read", "ready", "realizing", "reason", "reason", "recurrent", "remained", "remember", "reminded", "reminded", "repeated", "respect", "return", "return", "return", "return", "returned", "returned", "ride", "rode", "rose", "sacristy", "sand", "sand", "sands", "sands", "sands", "sat", "sat", "sat", "sat", "save", "saved", "scent", "science", "sea", "sea", "search", "search", "search", "searched", "searching", "seated", "secrets", "sense", "sentinels", "servants", "setting", "sheep", "sheep", "sheep", "sheep", "sheep", "sheep", "sheep", "sheep", "sheep", "sheep", "shell", "shepherd", "shepherd", "shepherd", "shepherd", "shepherd", "shepherd", "shepherd", "should", "should", "should", "should", "shouldn", "show", "showed", "showing", "side", "signal", "signs", "silence", "silence", "silence", "silent", "silent", "simple", "simple", "simply", "sitting", "sky", "sleeping", "slowly", "small", "small", "small", "small", "smell", "smiled", "soldiers", "solid", "son", "son", "son", "son", "son", "sought", "soul", "soul", "soul", "soul", "sounded", "speak", "speak", "speak", "speak", "speaking", "spiritual", "spoke", "spoke", "spoke", "spoke", "spoke", "spread", "star", "stared", "stars", "started", "stone", "stone", "stone", "stone", "stone", "stood", "stop", "stopped", "stopped", "stories", "stories", "story", "strange", "strange", "strange", "strange", "strange", "stranger", "strength", "succeeded", "suffer", "sun", "sun", "sun", "sun", "sun", "sun", "surely", "surprise", "tablet", "talk", "talk", "talking", "taught", "taught", "taught", "tea", "tea", "tea", "teachings", "tears", "ten", "tent", "tent", "tent", "tent", "tenth", "tents", "thieves", "thing", "thing", "thing", "thing", "things", "things", "things", "things", "things", "things", "thinking", "thinking", "thinking", "thinking", "thought", "thought", "thought", "thought", "thought", "thought", "thought", "thought", "thousand", "threat", "threatening", "thummim", "time", "time", "time", "time", "time", "time", "time", "time", "time", "time", "times", "times", "times", "times", "times", "today", "told", "told", "told", "told", "told", "told", "told", "told", "top", "touch", "touched", "tradition", "transform", "transform", "travelers", "travelers", "treasure", "treasure", "treasure", "treasure", "treasure", "treasure", "treasure", "trees", "trees", "tribal", "tribal", "tribal", "tribal", "tribes", "tribes", "tribesmen", "tribesmen", "tribesmen", "true", "true", "true", "trust", "turn", "turn", "turn", "unable", "understand", "understand", "understand", "understand", "understand", "understanding", "understands", "understood", "understood", "understood", "universe", "universe", "urim", "ve", "ve", "ve", "ve", "ve", "verses", "vision", "voice", "waiting", "waiting", "walked", "walked", "wandered", "wanted", "wanted", "wanted", "wanted", "wanted", "wanted", "wanted", "wanted", "wanted", "war", "war", "war", "wars", "wars", "wasn", "wasn", "wasn", "water", "water", "water", "water", "wells", "whinnying", "white", "white", "white", "wind", "wind", "wind", "wind", "wind", "wise", "wise", "wise", "woman", "woman", "woman", "woman", "woman", "women", "women", "women", "won", "won", "word", "word", "words", "words", "words", "words", "words", "work", "work", "world", "world", "world", "world", "world", "world", "world", "world", "worse", "written", "wrote", "years", "years", "years", "years", "years", "yellow", "yesterday", "young", "young", "young"]}, "R": 30, "lambda.step": 0.01, "plot.opts": {"xlab": "PC1", "ylab": "PC2"}, "topic.order": [5, 9, 1, 10, 2, 6, 8, 7, 4, 3]}